class_label,A,C,D,E,F,G,H,I,K,L,M,N,P,Q,R,S,T,V,W,Y
0,0.05113636363636364,0.005681818181818182,0.045454545454545456,0.06818181818181818,0.05113636363636364,0.056818181818181816,0.005681818181818182,0.08522727272727272,0.03409090909090909,0.0625,0.022727272727272728,0.05113636363636364,0.0625,0.045454545454545456,0.022727272727272728,0.07386363636363637,0.10795454545454546,0.07954545454545454,0.017045454545454544,0.05113636363636364
0,0.08888888888888889,0.011111111111111112,0.08888888888888889,0.07777777777777778,0.03333333333333333,0.05555555555555555,0.005555555555555556,0.05,0.12777777777777777,0.1111111111111111,0.016666666666666666,0.06111111111111111,0.022222222222222223,0.05555555555555555,0.03333333333333333,0.07222222222222222,0.05,0.016666666666666666,0.005555555555555556,0.016666666666666666
0,0.12462908011869436,0.0,0.05934718100890208,0.050445103857566766,0.020771513353115726,0.09495548961424333,0.008902077151335312,0.050445103857566766,0.0771513353115727,0.05637982195845697,0.02967359050445104,0.06528189910979229,0.01483679525222552,0.0771513353115727,0.032640949554896145,0.09792284866468842,0.06528189910979229,0.04747774480712166,0.002967359050445104,0.02373887240356083
0,0.1111111111111111,0.0,0.044444444444444446,0.022222222222222223,0.05555555555555555,0.08888888888888889,0.0,0.16666666666666666,0.06666666666666667,0.12222222222222222,0.03333333333333333,0.022222222222222223,0.03333333333333333,0.022222222222222223,0.044444444444444446,0.05555555555555555,0.011111111111111112,0.06666666666666667,0.011111111111111112,0.022222222222222223
0,0.1,0.011111111111111112,0.05,0.05555555555555555,0.03333333333333333,0.05555555555555555,0.011111111111111112,0.027777777777777776,0.03888888888888889,0.1111111111111111,0.022222222222222223,0.05,0.03888888888888889,0.05,0.06666666666666667,0.07222222222222222,0.07222222222222222,0.05,0.03333333333333333,0.05
0,0.022598870056497175,0.01694915254237288,0.05649717514124294,0.062146892655367235,0.062146892655367235,0.062146892655367235,0.011299435028248588,0.096045197740113,0.0847457627118644,0.12429378531073447,0.022598870056497175,0.07909604519774012,0.06779661016949153,0.022598870056497175,0.022598870056497175,0.04519774011299435,0.03389830508474576,0.06779661016949153,0.005649717514124294,0.03389830508474576
0,0.20238095238095238,0.0,0.047619047619047616,0.011904761904761904,0.03571428571428571,0.05952380952380952,0.0,0.047619047619047616,0.08333333333333333,0.07142857142857142,0.03571428571428571,0.023809523809523808,0.011904761904761904,0.023809523809523808,0.011904761904761904,0.09523809523809523,0.10714285714285714,0.10714285714285714,0.011904761904761904,0.011904761904761904
0,0.11944444444444445,0.011111111111111112,0.041666666666666664,0.06111111111111111,0.03333333333333333,0.08611111111111111,0.011111111111111112,0.06944444444444445,0.022222222222222223,0.06388888888888888,0.011111111111111112,0.03333333333333333,0.06111111111111111,0.03611111111111111,0.06111111111111111,0.05277777777777778,0.1,0.08055555555555556,0.022222222222222223,0.022222222222222223
0,0.060077519379844964,0.007751937984496124,0.06686046511627906,0.07073643410852713,0.05329457364341085,0.04748062015503876,0.011627906976744186,0.07073643410852713,0.05910852713178295,0.06589147286821706,0.01937984496124031,0.06589147286821706,0.040697674418604654,0.03391472868217054,0.04748062015503876,0.0687984496124031,0.06686046511627906,0.061046511627906974,0.01744186046511628,0.06492248062015504
0,0.16173120728929385,0.009111617312072893,0.0683371298405467,0.04328018223234624,0.011389521640091117,0.07289293849658314,0.011389521640091117,0.04100227790432802,0.015945330296127564,0.0888382687927107,0.04100227790432802,0.03644646924829157,0.04328018223234624,0.05239179954441914,0.05922551252847381,0.0774487471526196,0.07061503416856492,0.07289293849658314,0.002277904328018223,0.02050113895216401
0,0.08841463414634146,0.021341463414634148,0.039634146341463415,0.021341463414634148,0.03048780487804878,0.13109756097560976,0.009146341463414634,0.06707317073170732,0.024390243902439025,0.036585365853658534,0.012195121951219513,0.08841463414634146,0.03048780487804878,0.054878048780487805,0.04573170731707317,0.07317073170731707,0.09146341463414634,0.051829268292682924,0.036585365853658534,0.04573170731707317
0,0.09322033898305085,0.00847457627118644,0.0423728813559322,0.1016949152542373,0.025423728813559324,0.1271186440677966,0.0,0.07627118644067797,0.059322033898305086,0.0423728813559322,0.0423728813559322,0.0423728813559322,0.0423728813559322,0.0423728813559322,0.05084745762711865,0.05084745762711865,0.05084745762711865,0.059322033898305086,0.03389830508474576,0.00847457627118644
0,0.07142857142857142,0.0,0.06766917293233082,0.10150375939849623,0.05639097744360902,0.041353383458646614,0.007518796992481203,0.06766917293233082,0.10150375939849623,0.06015037593984962,0.02631578947368421,0.04887218045112782,0.03007518796992481,0.03759398496240601,0.07142857142857142,0.06766917293233082,0.045112781954887216,0.045112781954887216,0.0037593984962406013,0.04887218045112782
0,0.10227272727272728,0.017045454545454544,0.0625,0.07386363636363637,0.022727272727272728,0.07386363636363637,0.017045454545454544,0.07954545454545454,0.03409090909090909,0.08522727272727272,0.017045454545454544,0.028409090909090908,0.07386363636363637,0.005681818181818182,0.0625,0.05113636363636364,0.056818181818181816,0.0625,0.03977272727272727,0.03409090909090909
0,0.10416666666666667,0.0,0.010416666666666666,0.036458333333333336,0.010416666666666666,0.06770833333333333,0.010416666666666666,0.06770833333333333,0.09375,0.078125,0.026041666666666668,0.046875,0.041666666666666664,0.057291666666666664,0.14583333333333334,0.057291666666666664,0.026041666666666668,0.10416666666666667,0.005208333333333333,0.010416666666666666
0,0.05667506297229219,0.006297229219143577,0.05919395465994962,0.04408060453400504,0.05163727959697733,0.07682619647355164,0.015113350125944584,0.06423173803526448,0.04030226700251889,0.07052896725440806,0.013853904282115869,0.07808564231738035,0.04534005037783375,0.04534005037783375,0.05163727959697733,0.0818639798488665,0.06297229219143577,0.06675062972292191,0.021410579345088162,0.04785894206549118
0,0.11278195488721804,0.015037593984962405,0.045112781954887216,0.03759398496240601,0.022556390977443608,0.05263157894736842,0.0,0.03007518796992481,0.05263157894736842,0.09022556390977443,0.007518796992481203,0.06766917293233082,0.06015037593984962,0.06015037593984962,0.05263157894736842,0.07518796992481203,0.09022556390977443,0.09774436090225563,0.0,0.03007518796992481
0,0.13076923076923078,0.0,0.038461538461538464,0.03076923076923077,0.03076923076923077,0.07692307692307693,0.0,0.06153846153846154,0.05384615384615385,0.06153846153846154,0.007692307692307693,0.06153846153846154,0.038461538461538464,0.023076923076923078,0.038461538461538464,0.1076923076923077,0.06153846153846154,0.12307692307692308,0.015384615384615385,0.038461538461538464
0,0.22,0.0,0.06,0.04,0.06,0.08,0.0,0.08,0.1,0.04,0.02,0.0,0.02,0.02,0.0,0.08,0.04,0.08,0.02,0.04
0,0.04,0.0,0.0,0.0,0.0,0.2,0.0,0.04,0.16,0.04,0.04,0.0,0.0,0.04,0.12,0.12,0.04,0.04,0.04,0.08
0,0.0585480093676815,0.00702576112412178,0.06557377049180328,0.03981264637002342,0.05152224824355972,0.05620608899297424,0.03278688524590164,0.04449648711943794,0.03981264637002342,0.07259953161592506,0.03981264637002342,0.04918032786885246,0.0702576112412178,0.0351288056206089,0.053864168618266976,0.08196721311475409,0.07259953161592506,0.0585480093676815,0.02107728337236534,0.04918032786885246
0,0.15454545454545454,0.0,0.06363636363636363,0.03636363636363636,0.03636363636363636,0.07272727272727272,0.01818181818181818,0.02727272727272727,0.05454545454545454,0.06363636363636363,0.02727272727272727,0.00909090909090909,0.05454545454545454,0.02727272727272727,0.02727272727272727,0.08181818181818182,0.15454545454545454,0.045454545454545456,0.01818181818181818,0.02727272727272727
0,0.06857142857142857,0.02857142857142857,0.05714285714285714,0.011428571428571429,0.06857142857142857,0.05714285714285714,0.017142857142857144,0.04,0.04,0.08,0.017142857142857144,0.06285714285714286,0.05714285714285714,0.03428571428571429,0.02857142857142857,0.09142857142857143,0.09142857142857143,0.10857142857142857,0.005714285714285714,0.03428571428571429
0,0.11827956989247312,0.0,0.021505376344086023,0.010752688172043012,0.053763440860215055,0.0967741935483871,0.0,0.07526881720430108,0.021505376344086023,0.21505376344086022,0.021505376344086023,0.021505376344086023,0.03225806451612903,0.010752688172043012,0.021505376344086023,0.07526881720430108,0.06451612903225806,0.10752688172043011,0.0,0.03225806451612903
0,0.09482758620689655,0.008620689655172414,0.04310344827586207,0.0,0.0603448275862069,0.10344827586206896,0.0,0.15517241379310345,0.02586206896551724,0.12931034482758622,0.05172413793103448,0.02586206896551724,0.034482758620689655,0.008620689655172414,0.034482758620689655,0.08620689655172414,0.0603448275862069,0.06896551724137931,0.0,0.008620689655172414
0,0.17346938775510204,0.00510204081632653,0.030612244897959183,0.05612244897959184,0.015306122448979591,0.0663265306122449,0.0,0.08673469387755102,0.061224489795918366,0.04591836734693878,0.05102040816326531,0.030612244897959183,0.015306122448979591,0.10204081632653061,0.05612244897959184,0.10204081632653061,0.05102040816326531,0.025510204081632654,0.00510204081632653,0.02040816326530612
0,0.107095046854083,0.0,0.08299866131191433,0.0749665327978581,0.02677376171352075,0.05756358768406961,0.004016064257028112,0.04819277108433735,0.07630522088353414,0.07095046854082998,0.0428380187416332,0.04417670682730924,0.03346720214190094,0.06559571619812583,0.07095046854082998,0.05622489959839357,0.05220883534136546,0.04417670682730924,0.012048192771084338,0.029451137884872823
0,0.11188811188811189,0.0,0.1048951048951049,0.03496503496503497,0.03496503496503497,0.06993006993006994,0.017482517482517484,0.05944055944055944,0.05944055944055944,0.055944055944055944,0.02097902097902098,0.045454545454545456,0.02097902097902098,0.024475524475524476,0.045454545454545456,0.06993006993006994,0.06993006993006994,0.0979020979020979,0.01048951048951049,0.045454545454545456
0,0.09403254972875226,0.0054249547920434,0.0650994575045208,0.04159132007233273,0.04159132007233273,0.09041591320072333,0.0216998191681736,0.04701627486437613,0.0433996383363472,0.059674502712477394,0.014466546112115732,0.08860759493670886,0.009041591320072333,0.05244122965641953,0.06148282097649186,0.05605786618444846,0.081374321880651,0.06690777576853527,0.027124773960216998,0.0325497287522604
0,0.14147286821705427,0.0,0.02131782945736434,0.02810077519379845,0.045542635658914726,0.07461240310077519,0.0029069767441860465,0.07461240310077519,0.09108527131782945,0.07751937984496124,0.040697674418604654,0.05329457364341085,0.02131782945736434,0.03197674418604651,0.03391472868217054,0.07848837209302326,0.07170542635658915,0.07461240310077519,0.02810077519379845,0.00872093023255814
